0,0,4,"[2, 3, 4, 8, 9]",can_be_used
0,0,4,"[2, 3, 4, 8, 9]",can_be_used
0,8,4,"[2, 3, 4, 8, 9]",can_be_used
0,16,3,"[2, 3, 4, 8, 9]",can_be_used
0,24,3,"[2, 3, 4, 8, 9]",can_be_used
0,32,3,"[2, 3, 4, 8, 9]",can_be_used
0,40,8,"[2, 3, 4, 8, 9]",can_be_used
0,48,8,"[2, 3, 4, 8, 9]",can_be_used
0,56,3,"[2, 3, 4, 8, 9]",can_be_used
0,64,3,"[2, 3, 4, 8, 9]",can_be_used
0,72,2,"[2, 3, 4, 8, 9]",can_be_used
0,80,4,"[2, 3, 4, 8, 9]",need_modify
0,88,4,"[2, 3, 4, 8, 9]",can_be_used
0,96,4,"[2, 3, 4, 8, 9]",can_be_used
0,104,9,"[2, 3, 4, 8, 9]",can_be_used
0,112,3,"[2, 3, 4, 8, 9]",need_modify
0,120,3,"[2, 3, 4, 8, 9]",can_be_used
0,128,3,"[2, 3, 4, 8, 9]",can_be_used
0,136,9,"[2, 3, 4, 8, 9]",can_be_used
0,144,9,"[2, 3, 4, 8, 9]",can_be_used
0,152,3,"[2, 3, 4, 8, 9]",need_modify
0,160,3,"[2, 3, 4, 8, 9]",can_be_used
0,168,4,"[2, 3, 4, 8, 9]",need_modify
0,176,4,"[2, 3, 4, 8, 9]",need_modify
0,184,4,"[2, 3, 4, 8, 9]",need_modify
0,192,4,"[2, 3, 4, 8, 9]",can_be_used
0,200,4,"[2, 3, 4, 8, 9]",can_be_used
0,208,2,"[2, 3, 4, 8, 9]",need_modify
0,216,2,"[2, 3, 4, 8, 9]",need_modify
0,224,2,"[2, 3, 4, 8, 9]",need_modify
0,232,2,"[2, 3, 4, 8, 9]",need_modify
0,240,2,"[2, 3, 4, 8, 9]",need_modify
0,248,3,"[2, 3, 4, 8, 9]",need_modify
0,256,4,"[2, 3, 4, 8, 9]",need_modify
0,264,3,"[2, 3, 4, 8, 9]",need_modify
0,272,3,"[2, 3, 4, 8, 9]",need_modify
0,280,8,"[2, 3, 4, 8, 9]",need_modify
0,288,8,"[2, 3, 4, 8, 9]",need_modify
0,296,8,"[2, 3, 4, 8, 9]",need_modify
0,304,4,"[2, 3, 4, 8, 9]",need_modify
0,312,4,"[2, 3, 4, 8, 9]",need_modify
0,320,8,"[2, 3, 4, 8, 9]",need_modify
0,328,8,"[2, 3, 4, 8, 9]",need_modify
0,336,3,"[2, 3, 4, 8, 9]",need_modify
0,344,8,"[2, 3, 4, 8, 9]",need_modify
0,352,9,"[2, 3, 4, 8, 9]",need_modify
0,360,8,"[2, 3, 4, 8, 9]",need_modify
0,368,8,"[2, 3, 4, 8, 9]",need_modify
0,376,8,"[2, 3, 4, 8, 9]",need_modify
0,384,3,"[2, 3, 4, 8, 9]",need_modify
0,392,4,"[2, 3, 4, 8, 9]",need_modify
0,400,-1,"[2, 3, 4, 8, 9]",
0,408,4,"[2, 3, 4, 8, 9]",need_modify
0,416,4,"[2, 3, 4, 8, 9]",need_modify
0,424,4,"[2, 3, 4, 8, 9]",need_modify
0,432,4,"[2, 3, 4, 8, 9]",need_modify
0,440,4,"[2, 3, 4, 8, 9]",need_modify
0,448,4,"[2, 3, 4, 8, 9]",need_modify
0,456,4,"[2, 3, 4, 8, 9]",need_modify
0,464,4,"[2, 3, 4, 8, 9]",need_modify
0,472,4,"[2, 3, 4, 8, 9]",need_modify
0,480,-1,"[2, 3, 4, 8, 9]",
0,488,-1,"[2, 3, 4, 8, 9]",
0,496,-1,"[2, 3, 4, 8, 9]",
0,504,-1,"[2, 3, 4, 8, 9]",
0,512,-1,"[2, 3, 4, 8, 9]",
0,520,4,"[2, 3, 4, 8, 9]",need_modify
0,528,3,"[2, 3, 4, 8, 9]",need_modify
0,536,3,"[2, 3, 4, 8, 9]",need_modify
0,544,4,"[2, 3, 4, 8, 9]",need_modify
0,552,4,"[2, 3, 4, 8, 9]",need_modify
0,560,8,"[2, 3, 4, 8, 9]",need_modify
0,568,8,"[2, 3, 4, 8, 9]",need_modify
0,576,8,"[2, 3, 4, 8, 9]",need_modify
0,584,8,"[2, 3, 4, 8, 9]",need_modify
0,592,3,"[2, 3, 4, 8, 9]",need_modify
0,600,9,"[2, 3, 4, 8, 9]",need_modify
0,608,-1,"[2, 3, 4, 8, 9]",
0,616,4,"[2, 3, 4, 8, 9]",need_modify
0,624,4,"[2, 3, 4, 8, 9]",need_modify
0,632,4,"[2, 3, 4, 8, 9]",need_modify
0,640,2,"[2, 3, 4, 8, 9]",need_modify
0,648,8,"[2, 3, 4, 8, 9]",need_modify
0,656,2,"[2, 3, 4, 8, 9]",need_modify
0,664,2,"[2, 3, 4, 8, 9]",need_modify
0,672,-1,"[2, 3, 4, 8, 9]",
0,680,-1,"[2, 3, 4, 8, 9]",
0,688,-1,"[2, 3, 4, 8, 9]",
0,696,-1,"[2, 3, 4, 8, 9]",
0,704,-1,"[2, 3, 4, 8, 9]",
0,712,-1,"[2, 3, 4, 8, 9]",
0,720,-1,"[2, 3, 4, 8, 9]",
0,728,-1,"[2, 3, 4, 8, 9]",
0,736,-1,"[2, 3, 4, 8, 9]",
0,744,2,"[2, 3, 4, 8, 9]",need_modify
0,752,4,"[2, 3, 4, 8, 9]",need_modify
0,760,3,"[2, 3, 4, 8, 9]",need_modify
0,768,4,"[2, 3, 4, 8, 9]",need_modify
0,776,4,"[2, 3, 4, 8, 9]",need_modify
0,784,2,"[2, 3, 4, 8, 9]",need_modify
0,792,2,"[2, 3, 4, 8, 9]",need_modify
0,800,2,"[2, 3, 4, 8, 9]",need_modify
0,808,-1,"[2, 3, 4, 8, 9]",
0,816,-1,"[2, 3, 4, 8, 9]",
0,824,9,"[2, 3, 4, 8, 9]",need_modify
0,832,-1,"[2, 3, 4, 8, 9]",
0,840,-1,"[2, 3, 4, 8, 9]",
0,848,9,"[2, 3, 4, 8, 9]",need_modify
0,856,9,"[2, 3, 4, 8, 9]",need_modify
0,864,9,"[2, 3, 4, 8, 9]",need_modify
0,872,9,"[2, 3, 4, 8, 9]",need_modify
0,880,-1,"[2, 3, 4, 8, 9]",
0,888,9,"[2, 3, 4, 8, 9]",need_modify
0,896,-1,"[2, 3, 4, 8, 9]",
0,904,2,"[2, 3, 4, 8, 9]",need_modify
0,912,2,"[2, 3, 4, 8, 9]",need_modify
0,920,3,"[2, 3, 4, 8, 9]",need_modify
0,928,3,"[2, 3, 4, 8, 9]",need_modify
0,936,3,"[2, 3, 4, 8, 9]",need_modify
0,944,-1,"[2, 3, 4, 8, 9]",
0,952,3,"[2, 3, 4, 8, 9]",need_modify
0,960,2,"[2, 3, 4, 8, 9]",need_modify
0,968,4,"[2, 3, 4, 8, 9]",need_modify
0,976,8,"[2, 3, 4, 8, 9]",can_be_used
0,984,3,"[2, 3, 4, 8, 9]",need_modify
0,992,8,"[2, 3, 4, 8, 9]",need_modify
0,1000,3,"[2, 3, 4, 8, 9]",need_modify
0,1008,9,"[2, 3, 4, 8, 9]",need_modify
0,1016,8,"[2, 3, 4, 8, 9]",need_modify
0,1024,4,"[2, 3, 4, 8, 9]",need_modify
0,1032,3,"[2, 3, 4, 8, 9]",need_modify
0,1040,9,"[2, 3, 4, 8, 9]",need_modify
0,1048,4,"[2, 3, 4, 8, 9]",need_modify
0,1056,4,"[2, 3, 4, 8, 9]",need_modify
0,1064,9,"[2, 3, 4, 8, 9]",need_modify
0,1072,3,"[2, 3, 4, 8, 9]",need_modify
0,1080,4,"[2, 3, 4, 8, 9]",can_be_used
0,1088,3,"[2, 3, 4, 8, 9]",can_be_used
0,1096,3,"[2, 3, 4, 8, 9]",can_be_used
0,1104,8,"[2, 3, 4, 8, 9]",can_be_used
0,1112,8,"[2, 3, 4, 8, 9]",can_be_used
0,1120,4,"[2, 3, 4, 8, 9]",can_be_used
0,1128,2,"[2, 3, 4, 8, 9]",can_be_used
0,1136,4,"[2, 3, 4, 8, 9]",need_modify
0,1144,2,"[2, 3, 4, 8, 9]",need_modify
0,1152,3,"[2, 3, 4, 8, 9]",need_modify
0,1160,3,"[2, 3, 4, 8, 9]",need_modify
0,1168,3,"[2, 3, 4, 8, 9]",need_modify
0,1176,8,"[2, 3, 4, 8, 9]",need_modify
0,1184,8,"[2, 3, 4, 8, 9]",need_modify
0,1192,2,"[2, 3, 4, 8, 9]",need_modify
0,1200,2,"[2, 3, 4, 8, 9]",need_modify
0,1208,-1,"[2, 3, 4, 8, 9]",
0,1216,-1,"[2, 3, 4, 8, 9]",
0,1224,3,"[2, 3, 4, 8, 9]",need_modify
0,1232,-1,"[2, 3, 4, 8, 9]",
0,1240,2,"[2, 3, 4, 8, 9]",can_be_used
0,1248,2,"[2, 3, 4, 8, 9]",can_be_used
0,1256,4,"[2, 3, 4, 8, 9]",need_modify
0,1264,4,"[2, 3, 4, 8, 9]",need_modify
0,1272,4,"[2, 3, 4, 8, 9]",need_modify
0,1280,2,"[2, 3, 4, 8, 9]",need_modify
0,1288,2,"[2, 3, 4, 8, 9]",need_modify
0,1296,2,"[2, 3, 4, 8, 9]",need_modify
0,1304,9,"[2, 3, 4, 8, 9]",need_modify
0,1312,9,"[2, 3, 4, 8, 9]",need_modify
0,1320,2,"[2, 3, 4, 8, 9]",need_modify
0,1328,8,"[2, 3, 4, 8, 9]",need_modify
0,1336,3,"[2, 3, 4, 8, 9]",need_modify
0,1344,-1,"[2, 3, 4, 8, 9]",
0,1352,9,"[2, 3, 4, 8, 9]",need_modify
0,1360,9,"[2, 3, 4, 8, 9]",need_modify
0,1368,-1,"[2, 3, 4, 8, 9]",
0,1376,-1,"[2, 3, 4, 8, 9]",
0,1384,4,"[2, 3, 4, 8, 9]",need_modify
0,1392,9,"[2, 3, 4, 8, 9]",need_modify
0,1400,-1,"[2, 3, 4, 8, 9]",
0,1408,-1,"[2, 3, 4, 8, 9]",
0,1416,-1,"[2, 3, 4, 8, 9]",
0,1424,8,"[2, 3, 4, 8, 9]",need_modify
0,1432,8,"[2, 3, 4, 8, 9]",need_modify
0,1440,-1,"[2, 3, 4, 8, 9]",
0,1448,-1,"[2, 3, 4, 8, 9]",
0,1456,-1,"[2, 3, 4, 8, 9]",
0,1464,-1,"[2, 3, 4, 8, 9]",
0,1472,-1,"[2, 3, 4, 8, 9]",
0,1480,-1,"[2, 3, 4, 8, 9]",
0,1488,-1,"[2, 3, 4, 8, 9]",
0,1496,-1,"[2, 3, 4, 8, 9]",
0,1504,-1,"[2, 3, 4, 8, 9]",
0,1512,8,"[2, 3, 4, 8, 9]",need_modify
0,1520,-1,"[2, 3, 4, 8, 9]",
0,1528,-1,"[2, 3, 4, 8, 9]",
0,1536,-1,"[2, 3, 4, 8, 9]",
0,1544,-1,"[2, 3, 4, 8, 9]",
0,1552,-1,"[2, 3, 4, 8, 9]",
0,1560,-1,"[2, 3, 4, 8, 9]",
0,1568,-1,"[2, 3, 4, 8, 9]",
0,1576,-1,"[2, 3, 4, 8, 9]",
0,1584,-1,"[2, 3, 4, 8, 9]",
0,1592,-1,"[2, 3, 4, 8, 9]",
0,1600,-1,"[2, 3, 4, 8, 9]",
0,1608,-1,"[2, 3, 4, 8, 9]",
0,1616,-1,"[2, 3, 4, 8, 9]",
0,1624,-1,"[2, 3, 4, 8, 9]",
0,1632,-1,"[2, 3, 4, 8, 9]",
0,1640,-1,"[2, 3, 4, 8, 9]",
0,1648,-1,"[2, 3, 4, 8, 9]",
0,1656,-1,"[2, 3, 4, 8, 9]",
0,1664,-1,"[2, 3, 4, 8, 9]",
0,1672,-1,"[2, 3, 4, 8, 9]",
0,1680,-1,"[2, 3, 4, 8, 9]",
0,1688,-1,"[2, 3, 4, 8, 9]",
0,1696,-1,"[2, 3, 4, 8, 9]",
0,1704,-1,"[2, 3, 4, 8, 9]",
0,1712,2,"[2, 3, 4, 8, 9]",need_modify
0,1720,4,"[2, 3, 4, 8, 9]",need_modify
0,1728,2,"[2, 3, 4, 8, 9]",need_modify
0,1736,8,"[2, 3, 4, 8, 9]",need_modify
0,1744,9,"[2, 3, 4, 8, 9]",need_modify
0,1752,-1,"[2, 3, 4, 8, 9]",
0,1760,-1,"[2, 3, 4, 8, 9]",
0,1768,-1,"[2, 3, 4, 8, 9]",
0,1776,-1,"[2, 3, 4, 8, 9]",
0,1784,-1,"[2, 3, 4, 8, 9]",
0,1792,9,"[2, 3, 4, 8, 9]",need_modify
0,1800,-1,"[2, 3, 4, 8, 9]",
0,1808,9,"[2, 3, 4, 8, 9]",need_modify
0,1816,2,"[2, 3, 4, 8, 9]",need_modify
0,1824,9,"[2, 3, 4, 8, 9]",need_modify
0,1832,9,"[2, 3, 4, 8, 9]",need_modify
0,1840,9,"[2, 3, 4, 8, 9]",need_modify
0,1848,8,"[2, 3, 4, 8, 9]",need_modify
0,1856,8,"[2, 3, 4, 8, 9]",need_modify
0,1864,-1,"[2, 3, 4, 8, 9]",
0,1872,-1,"[2, 3, 4, 8, 9]",
0,1880,-1,"[2, 3, 4, 8, 9]",
0,1888,-1,"[2, 3, 4, 8, 9]",
0,1896,-1,"[2, 3, 4, 8, 9]",
0,1904,-1,"[2, 3, 4, 8, 9]",
0,1912,-1,"[2, 3, 4, 8, 9]",
0,1920,-1,"[2, 3, 4, 8, 9]",
0,1928,-1,"[2, 3, 4, 8, 9]",
0,1936,-1,"[2, 3, 4, 8, 9]",
0,1944,-1,"[2, 3, 4, 8, 9]",
0,1952,-1,"[2, 3, 4, 8, 9]",
0,1960,-1,"[2, 3, 4, 8, 9]",
0,1968,-1,"[2, 3, 4, 8, 9]",
0,1976,-1,"[2, 3, 4, 8, 9]",
0,1984,-1,"[2, 3, 4, 8, 9]",
0,1992,-1,"[2, 3, 4, 8, 9]",
0,2000,3,"[2, 3, 4, 8, 9]",need_modify
0,2008,9,"[2, 3, 4, 8, 9]",need_modify
0,2016,-1,"[2, 3, 4, 8, 9]",
0,2024,2,"[2, 3, 4, 8, 9]",need_modify
0,2032,-1,"[2, 3, 4, 8, 9]",
0,2040,-1,"[2, 3, 4, 8, 9]",
0,2048,-1,"[2, 3, 4, 8, 9]",
0,2056,-1,"[2, 3, 4, 8, 9]",
0,2064,-1,"[2, 3, 4, 8, 9]",
0,2072,-1,"[2, 3, 4, 8, 9]",
0,2080,-1,"[2, 3, 4, 8, 9]",
0,2088,-1,"[2, 3, 4, 8, 9]",
0,2096,-1,"[2, 3, 4, 8, 9]",
0,2104,4,"[2, 3, 4, 8, 9]",need_modify
0,2112,4,"[2, 3, 4, 8, 9]",need_modify
0,2120,3,"[2, 3, 4, 8, 9]",need_modify
0,2128,2,"[2, 3, 4, 8, 9]",can_be_used
0,2136,9,"[2, 3, 4, 8, 9]",can_be_used
0,2144,9,"[2, 3, 4, 8, 9]",can_be_used
0,2152,9,"[2, 3, 4, 8, 9]",can_be_used
0,2160,9,"[2, 3, 4, 8, 9]",can_be_used
0,2168,9,"[2, 3, 4, 8, 9]",can_be_used
0,2176,9,"[2, 3, 4, 8, 9]",can_be_used
0,2184,3,"[2, 3, 4, 8, 9]",can_be_used
0,2192,9,"[2, 3, 4, 8, 9]",need_modify
0,2200,2,"[2, 3, 4, 8, 9]",need_modify
0,2208,8,"[2, 3, 4, 8, 9]",need_modify
0,2216,3,"[2, 3, 4, 8, 9]",need_modify
0,2224,8,"[2, 3, 4, 8, 9]",need_modify
0,2232,8,"[2, 3, 4, 8, 9]",can_be_used
0,2240,8,"[2, 3, 4, 8, 9]",need_modify
1,0,9,"[2, 3, 4, 8, 9]",need_modify
1,8,2,"[2, 3, 4, 8, 9]",need_modify
1,16,3,"[2, 3, 4, 8, 9]",can_be_used
1,24,8,"[2, 3, 4, 8, 9]",can_be_used
1,32,9,"[2, 3, 4, 8, 9]",need_modify
1,40,3,"[2, 3, 4, 8, 9]",need_modify
1,48,2,"[2, 3, 4, 8, 9]",need_modify
1,56,2,"[2, 3, 4, 8, 9]",need_modify
1,64,9,"[2, 3, 4, 8, 9]",need_modify
1,72,8,"[2, 3, 4, 8, 9]",need_modify
1,80,3,"[2, 3, 4, 8, 9]",need_modify
1,88,4,"[2, 3, 4, 8, 9]",need_modify
1,96,2,"[2, 3, 4, 8, 9]",can_be_used
1,104,9,"[2, 3, 4, 8, 9]",can_be_used
1,112,4,"[2, 3, 4, 8, 9]",can_be_used
1,120,2,"[2, 3, 4, 8, 9]",can_be_used
1,128,9,"[2, 3, 4, 8, 9]",can_be_used
1,136,9,"[2, 3, 4, 8, 9]",can_be_used
1,144,2,"[2, 3, 4, 8, 9]",can_be_used
1,152,2,"[2, 3, 4, 8, 9]",can_be_used
1,160,8,"[2, 3, 4, 8, 9]",can_be_used
1,168,3,"[2, 3, 4, 8, 9]",need_modify
1,176,9,"[2, 3, 4, 8, 9]",need_modify
1,184,4,"[2, 3, 4, 8, 9]",can_be_used
1,192,4,"[2, 3, 4, 8, 9]",can_be_used
1,200,4,"[2, 3, 4, 8, 9]",can_be_used
1,208,4,"[2, 3, 4, 8, 9]",can_be_used
1,216,9,"[2, 3, 4, 8, 9]",can_be_used
1,224,2,"[2, 3, 4, 8, 9]",can_be_used
1,232,9,"[2, 3, 4, 8, 9]",can_be_used
1,240,8,"[2, 3, 4, 8, 9]",can_be_used
1,248,9,"[2, 3, 4, 8, 9]",can_be_used
1,256,8,"[2, 3, 4, 8, 9]",can_be_used
1,264,8,"[2, 3, 4, 8, 9]",can_be_used
1,272,9,"[2, 3, 4, 8, 9]",can_be_used
1,280,8,"[2, 3, 4, 8, 9]",need_modify
1,288,2,"[2, 3, 4, 8, 9]",need_modify
1,296,2,"[2, 3, 4, 8, 9]",need_modify
1,304,9,"[2, 3, 4, 8, 9]",can_be_used
1,312,2,"[2, 3, 4, 8, 9]",need_modify
1,320,4,"[2, 3, 4, 8, 9]",can_be_used
1,328,4,"[2, 3, 4, 8, 9]",can_be_used
1,336,2,"[2, 3, 4, 8, 9]",need_modify
1,344,9,"[2, 3, 4, 8, 9]",need_modify
1,352,9,"[2, 3, 4, 8, 9]",need_modify
1,360,2,"[2, 3, 4, 8, 9]",can_be_used
1,368,9,"[2, 3, 4, 8, 9]",need_modify
1,376,2,"[2, 3, 4, 8, 9]",can_be_used
1,384,2,"[2, 3, 4, 8, 9]",can_be_used
1,392,2,"[2, 3, 4, 8, 9]",can_be_used
1,400,2,"[2, 3, 4, 8, 9]",can_be_used
1,408,2,"[2, 3, 4, 8, 9]",can_be_used
1,416,-1,"[2, 3, 4, 8, 9]",
1,424,-1,"[2, 3, 4, 8, 9]",
1,432,-1,"[2, 3, 4, 8, 9]",
1,440,-1,"[2, 3, 4, 8, 9]",
1,448,8,"[2, 3, 4, 8, 9]",need_modify
1,456,8,"[2, 3, 4, 8, 9]",need_modify
1,464,8,"[2, 3, 4, 8, 9]",need_modify
1,472,8,"[2, 3, 4, 8, 9]",need_modify
1,480,8,"[2, 3, 4, 8, 9]",need_modify
1,488,8,"[2, 3, 4, 8, 9]",need_modify
1,496,9,"[2, 3, 4, 8, 9]",need_modify
1,504,8,"[2, 3, 4, 8, 9]",need_modify
1,512,3,"[2, 3, 4, 8, 9]",need_modify
1,520,9,"[2, 3, 4, 8, 9]",need_modify
1,528,8,"[2, 3, 4, 8, 9]",need_modify
1,536,9,"[2, 3, 4, 8, 9]",need_modify
1,544,9,"[2, 3, 4, 8, 9]",can_be_used
1,552,4,"[2, 3, 4, 8, 9]",need_modify
1,560,4,"[2, 3, 4, 8, 9]",need_modify
1,568,-1,"[2, 3, 4, 8, 9]",
1,576,-1,"[2, 3, 4, 8, 9]",
1,584,-1,"[2, 3, 4, 8, 9]",
1,592,-1,"[2, 3, 4, 8, 9]",
1,600,4,"[2, 3, 4, 8, 9]",need_modify
1,608,4,"[2, 3, 4, 8, 9]",need_modify
1,616,9,"[2, 3, 4, 8, 9]",need_modify
1,624,9,"[2, 3, 4, 8, 9]",need_modify
1,632,3,"[2, 3, 4, 8, 9]",need_modify
1,640,8,"[2, 3, 4, 8, 9]",need_modify
1,648,8,"[2, 3, 4, 8, 9]",need_modify
1,656,8,"[2, 3, 4, 8, 9]",need_modify
1,664,8,"[2, 3, 4, 8, 9]",need_modify
1,672,8,"[2, 3, 4, 8, 9]",need_modify
1,680,3,"[2, 3, 4, 8, 9]",need_modify
1,688,3,"[2, 3, 4, 8, 9]",need_modify
1,696,8,"[2, 3, 4, 8, 9]",need_modify
1,704,4,"[2, 3, 4, 8, 9]",need_modify
1,712,3,"[2, 3, 4, 8, 9]",can_be_used
1,720,3,"[2, 3, 4, 8, 9]",can_be_used
1,728,2,"[2, 3, 4, 8, 9]",can_be_used
1,736,2,"[2, 3, 4, 8, 9]",can_be_used
1,744,4,"[2, 3, 4, 8, 9]",need_modify
1,752,3,"[2, 3, 4, 8, 9]",can_be_used
1,760,8,"[2, 3, 4, 8, 9]",need_modify
1,768,3,"[2, 3, 4, 8, 9]",need_modify
1,776,8,"[2, 3, 4, 8, 9]",need_modify
1,784,4,"[2, 3, 4, 8, 9]",need_modify
1,792,4,"[2, 3, 4, 8, 9]",need_modify
1,800,8,"[2, 3, 4, 8, 9]",need_modify
1,808,8,"[2, 3, 4, 8, 9]",need_modify
1,816,8,"[2, 3, 4, 8, 9]",need_modify
1,824,4,"[2, 3, 4, 8, 9]",need_modify
1,832,4,"[2, 3, 4, 8, 9]",need_modify
1,840,4,"[2, 3, 4, 8, 9]",need_modify
1,848,-1,"[2, 3, 4, 8, 9]",
1,856,-1,"[2, 3, 4, 8, 9]",
1,864,4,"[2, 3, 4, 8, 9]",can_be_used
1,872,-1,"[2, 3, 4, 8, 9]",
1,880,2,"[2, 3, 4, 8, 9]",need_modify
1,888,3,"[2, 3, 4, 8, 9]",need_modify
1,896,4,"[2, 3, 4, 8, 9]",need_modify
1,904,4,"[2, 3, 4, 8, 9]",need_modify
1,912,4,"[2, 3, 4, 8, 9]",need_modify
1,920,4,"[2, 3, 4, 8, 9]",need_modify
1,928,3,"[2, 3, 4, 8, 9]",can_be_used
1,936,8,"[2, 3, 4, 8, 9]",can_be_used
1,944,4,"[2, 3, 4, 8, 9]",need_modify
1,952,4,"[2, 3, 4, 8, 9]",can_be_used
1,960,2,"[2, 3, 4, 8, 9]",can_be_used
1,968,2,"[2, 3, 4, 8, 9]",need_modify
1,976,3,"[2, 3, 4, 8, 9]",need_modify
1,984,4,"[2, 3, 4, 8, 9]",can_be_used
1,992,4,"[2, 3, 4, 8, 9]",need_modify
1,1000,4,"[2, 3, 4, 8, 9]",need_modify
1,1008,4,"[2, 3, 4, 8, 9]",need_modify
1,1016,4,"[2, 3, 4, 8, 9]",can_be_used
1,1024,4,"[2, 3, 4, 8, 9]",can_be_used
1,1032,4,"[2, 3, 4, 8, 9]",need_modify
1,1040,4,"[2, 3, 4, 8, 9]",can_be_used
1,1048,2,"[2, 3, 4, 8, 9]",need_modify
1,1056,4,"[2, 3, 4, 8, 9]",need_modify
1,1064,4,"[2, 3, 4, 8, 9]",need_modify
1,1072,3,"[2, 3, 4, 8, 9]",need_modify
1,1080,3,"[2, 3, 4, 8, 9]",need_modify
1,1088,4,"[2, 3, 4, 8, 9]",need_modify
1,1096,2,"[2, 3, 4, 8, 9]",can_be_used
1,1104,2,"[2, 3, 4, 8, 9]",need_modify
1,1112,8,"[2, 3, 4, 8, 9]",need_modify
1,1120,8,"[2, 3, 4, 8, 9]",need_modify
1,1128,4,"[2, 3, 4, 8, 9]",can_be_used
1,1136,3,"[2, 3, 4, 8, 9]",need_modify
1,1144,9,"[2, 3, 4, 8, 9]",need_modify
1,1152,9,"[2, 3, 4, 8, 9]",need_modify
1,1160,4,"[2, 3, 4, 8, 9]",can_be_used
1,1168,4,"[2, 3, 4, 8, 9]",need_modify
1,1176,4,"[2, 3, 4, 8, 9]",need_modify
1,1184,8,"[2, 3, 4, 8, 9]",need_modify
1,1192,-1,"[2, 3, 4, 8, 9]",
1,1200,-1,"[2, 3, 4, 8, 9]",
1,1208,-1,"[2, 3, 4, 8, 9]",
1,1216,-1,"[2, 3, 4, 8, 9]",
1,1224,-1,"[2, 3, 4, 8, 9]",
1,1232,8,"[2, 3, 4, 8, 9]",need_modify
1,1240,4,"[2, 3, 4, 8, 9]",need_modify
1,1248,4,"[2, 3, 4, 8, 9]",need_modify
1,1256,4,"[2, 3, 4, 8, 9]",need_modify
1,1264,4,"[2, 3, 4, 8, 9]",need_modify
1,1272,3,"[2, 3, 4, 8, 9]",need_modify
1,1280,3,"[2, 3, 4, 8, 9]",need_modify
1,1288,3,"[2, 3, 4, 8, 9]",need_modify
1,1296,3,"[2, 3, 4, 8, 9]",need_modify
1,1304,3,"[2, 3, 4, 8, 9]",need_modify
1,1312,9,"[2, 3, 4, 8, 9]",can_be_used
1,1320,9,"[2, 3, 4, 8, 9]",need_modify
1,1328,8,"[2, 3, 4, 8, 9]",need_modify
1,1336,4,"[2, 3, 4, 8, 9]",can_be_used
1,1344,3,"[2, 3, 4, 8, 9]",need_modify
1,1352,4,"[2, 3, 4, 8, 9]",need_modify
1,1360,3,"[2, 3, 4, 8, 9]",need_modify
1,1368,2,"[2, 3, 4, 8, 9]",need_modify
1,1376,-1,"[2, 3, 4, 8, 9]",
1,1384,-1,"[2, 3, 4, 8, 9]",
1,1392,3,"[2, 3, 4, 8, 9]",need_modify
1,1400,4,"[2, 3, 4, 8, 9]",need_modify
1,1408,3,"[2, 3, 4, 8, 9]",need_modify
1,1416,8,"[2, 3, 4, 8, 9]",need_modify
1,1424,9,"[2, 3, 4, 8, 9]",need_modify
1,1432,4,"[2, 3, 4, 8, 9]",need_modify
1,1440,8,"[2, 3, 4, 8, 9]",need_modify
1,1448,3,"[2, 3, 4, 8, 9]",need_modify
1,1456,8,"[2, 3, 4, 8, 9]",need_modify
1,1464,3,"[2, 3, 4, 8, 9]",need_modify
1,1472,3,"[2, 3, 4, 8, 9]",need_modify
1,1480,2,"[2, 3, 4, 8, 9]",need_modify
1,1488,3,"[2, 3, 4, 8, 9]",need_modify
1,1496,9,"[2, 3, 4, 8, 9]",need_modify
1,1504,2,"[2, 3, 4, 8, 9]",need_modify
1,1512,2,"[2, 3, 4, 8, 9]",need_modify
1,1520,2,"[2, 3, 4, 8, 9]",need_modify
1,1528,4,"[2, 3, 4, 8, 9]",need_modify
1,1536,4,"[2, 3, 4, 8, 9]",need_modify
1,1544,9,"[2, 3, 4, 8, 9]",need_modify
1,1552,9,"[2, 3, 4, 8, 9]",need_modify
1,1560,2,"[2, 3, 4, 8, 9]",need_modify
1,1568,-1,"[2, 3, 4, 8, 9]",
1,1576,3,"[2, 3, 4, 8, 9]",need_modify
1,1584,4,"[2, 3, 4, 8, 9]",can_be_used
1,1592,4,"[2, 3, 4, 8, 9]",can_be_used
1,1600,-1,"[2, 3, 4, 8, 9]",
1,1608,3,"[2, 3, 4, 8, 9]",need_modify
1,1616,8,"[2, 3, 4, 8, 9]",need_modify
1,1624,9,"[2, 3, 4, 8, 9]",need_modify
1,1632,4,"[2, 3, 4, 8, 9]",need_modify
1,1640,8,"[2, 3, 4, 8, 9]",need_modify
1,1648,3,"[2, 3, 4, 8, 9]",need_modify
1,1656,8,"[2, 3, 4, 8, 9]",need_modify
1,1664,-1,"[2, 3, 4, 8, 9]",
1,1672,8,"[2, 3, 4, 8, 9]",need_modify
1,1680,3,"[2, 3, 4, 8, 9]",need_modify
1,1688,-1,"[2, 3, 4, 8, 9]",
1,1696,-1,"[2, 3, 4, 8, 9]",
1,1704,8,"[2, 3, 4, 8, 9]",need_modify
1,1712,9,"[2, 3, 4, 8, 9]",need_modify
1,1720,9,"[2, 3, 4, 8, 9]",need_modify
1,1728,4,"[2, 3, 4, 8, 9]",need_modify
1,1736,4,"[2, 3, 4, 8, 9]",need_modify
1,1744,-1,"[2, 3, 4, 8, 9]",
1,1752,4,"[2, 3, 4, 8, 9]",need_modify
1,1760,4,"[2, 3, 4, 8, 9]",need_modify
1,1768,4,"[2, 3, 4, 8, 9]",need_modify
1,1776,4,"[2, 3, 4, 8, 9]",need_modify
1,1784,4,"[2, 3, 4, 8, 9]",need_modify
1,1792,9,"[2, 3, 4, 8, 9]",need_modify
1,1800,8,"[2, 3, 4, 8, 9]",need_modify
1,1808,8,"[2, 3, 4, 8, 9]",can_be_used
1,1816,8,"[2, 3, 4, 8, 9]",can_be_used
1,1824,8,"[2, 3, 4, 8, 9]",need_modify
1,1832,8,"[2, 3, 4, 8, 9]",need_modify
1,1840,8,"[2, 3, 4, 8, 9]",need_modify
1,1848,8,"[2, 3, 4, 8, 9]",need_modify
1,1856,8,"[2, 3, 4, 8, 9]",need_modify
1,1864,8,"[2, 3, 4, 8, 9]",need_modify
1,1872,8,"[2, 3, 4, 8, 9]",need_modify
1,1880,8,"[2, 3, 4, 8, 9]",need_modify
1,1888,8,"[2, 3, 4, 8, 9]",need_modify
1,1896,2,"[2, 3, 4, 8, 9]",need_modify
1,1904,8,"[2, 3, 4, 8, 9]",need_modify
1,1912,8,"[2, 3, 4, 8, 9]",need_modify
1,1920,8,"[2, 3, 4, 8, 9]",need_modify
1,1928,8,"[2, 3, 4, 8, 9]",need_modify
1,1936,8,"[2, 3, 4, 8, 9]",need_modify
1,1944,9,"[2, 3, 4, 8, 9]",need_modify
1,1952,2,"[2, 3, 4, 8, 9]",need_modify
1,1960,-1,"[2, 3, 4, 8, 9]",
1,1968,9,"[2, 3, 4, 8, 9]",need_modify
1,1976,-1,"[2, 3, 4, 8, 9]",
1,1984,8,"[2, 3, 4, 8, 9]",need_modify
1,1992,9,"[2, 3, 4, 8, 9]",need_modify
1,2000,4,"[2, 3, 4, 8, 9]",need_modify
1,2008,3,"[2, 3, 4, 8, 9]",can_be_used
1,2016,8,"[2, 3, 4, 8, 9]",need_modify
1,2024,8,"[2, 3, 4, 8, 9]",need_modify
1,2032,8,"[2, 3, 4, 8, 9]",need_modify
1,2040,-1,"[2, 3, 4, 8, 9]",
1,2048,9,"[2, 3, 4, 8, 9]",need_modify
1,2056,4,"[2, 3, 4, 8, 9]",need_modify
1,2064,4,"[2, 3, 4, 8, 9]",need_modify
1,2072,8,"[2, 3, 4, 8, 9]",need_modify
1,2080,8,"[2, 3, 4, 8, 9]",need_modify
1,2088,8,"[2, 3, 4, 8, 9]",need_modify
1,2096,8,"[2, 3, 4, 8, 9]",need_modify
1,2104,8,"[2, 3, 4, 8, 9]",need_modify
1,2112,-1,"[2, 3, 4, 8, 9]",
1,2120,8,"[2, 3, 4, 8, 9]",need_modify
1,2128,9,"[2, 3, 4, 8, 9]",need_modify
1,2136,9,"[2, 3, 4, 8, 9]",need_modify
1,2144,9,"[2, 3, 4, 8, 9]",need_modify
1,2152,9,"[2, 3, 4, 8, 9]",need_modify
1,2160,4,"[2, 3, 4, 8, 9]",need_modify
1,2168,8,"[2, 3, 4, 8, 9]",need_modify
1,2176,8,"[2, 3, 4, 8, 9]",need_modify
1,2184,8,"[2, 3, 4, 8, 9]",need_modify
1,2192,8,"[2, 3, 4, 8, 9]",need_modify
1,2200,9,"[2, 3, 4, 8, 9]",need_modify
1,2208,4,"[2, 3, 4, 8, 9]",need_modify
1,2216,4,"[2, 3, 4, 8, 9]",need_modify
1,2224,4,"[2, 3, 4, 8, 9]",need_modify
1,2232,4,"[2, 3, 4, 8, 9]",need_modify
1,2240,4,"[2, 3, 4, 8, 9]",need_modify
1,2248,4,"[2, 3, 4, 8, 9]",need_modify
1,2256,4,"[2, 3, 4, 8, 9]",need_modify
1,2264,4,"[2, 3, 4, 8, 9]",need_modify
1,2272,4,"[2, 3, 4, 8, 9]",can_be_used
1,2280,4,"[2, 3, 4, 8, 9]",need_modify
1,2288,8,"[2, 3, 4, 8, 9]",need_modify
1,2296,3,"[2, 3, 4, 8, 9]",can_be_used
1,2304,8,"[2, 3, 4, 8, 9]",need_modify
1,2312,8,"[2, 3, 4, 8, 9]",need_modify
1,2320,4,"[2, 3, 4, 8, 9]",need_modify
1,2328,4,"[2, 3, 4, 8, 9]",need_modify
1,2336,8,"[2, 3, 4, 8, 9]",need_modify
1,2344,2,"[2, 3, 4, 8, 9]",need_modify
1,2352,8,"[2, 3, 4, 8, 9]",need_modify
1,2360,8,"[2, 3, 4, 8, 9]",need_modify
1,2368,8,"[2, 3, 4, 8, 9]",need_modify
1,2376,3,"[2, 3, 4, 8, 9]",need_modify
1,2384,3,"[2, 3, 4, 8, 9]",need_modify
1,2392,4,"[2, 3, 4, 8, 9]",need_modify
1,2400,9,"[2, 3, 4, 8, 9]",can_be_used
1,2408,9,"[2, 3, 4, 8, 9]",need_modify
1,2416,4,"[2, 3, 4, 8, 9]",need_modify
1,2424,4,"[2, 3, 4, 8, 9]",need_modify
1,2432,4,"[2, 3, 4, 8, 9]",need_modify
1,2440,4,"[2, 3, 4, 8, 9]",need_modify
1,2448,3,"[2, 3, 4, 8, 9]",need_modify
1,2456,8,"[2, 3, 4, 8, 9]",need_modify
1,2464,8,"[2, 3, 4, 8, 9]",need_modify
1,2472,8,"[2, 3, 4, 8, 9]",need_modify
1,2480,4,"[2, 3, 4, 8, 9]",need_modify
1,2488,4,"[2, 3, 4, 8, 9]",need_modify
1,2496,3,"[2, 3, 4, 8, 9]",need_modify
1,2504,2,"[2, 3, 4, 8, 9]",need_modify
1,2512,2,"[2, 3, 4, 8, 9]",can_be_used
1,2520,9,"[2, 3, 4, 8, 9]",need_modify
1,2528,9,"[2, 3, 4, 8, 9]",need_modify
1,2536,4,"[2, 3, 4, 8, 9]",need_modify
1,2544,4,"[2, 3, 4, 8, 9]",can_be_used
1,2552,4,"[2, 3, 4, 8, 9]",can_be_used
1,2560,4,"[2, 3, 4, 8, 9]",can_be_used
1,2568,3,"[2, 3, 4, 8, 9]",can_be_used
2,0,8,"[2, 3, 4, 8, 9]",need_modify
2,8,8,"[2, 3, 4, 8, 9]",can_be_used
2,16,8,"[2, 3, 4, 8, 9]",can_be_used
2,24,3,"[2, 3, 4, 8, 9]",can_be_used
2,32,3,"[2, 3, 4, 8, 9]",can_be_used
2,40,3,"[2, 3, 4, 8, 9]",can_be_used
2,48,8,"[2, 3, 4, 8, 9]",can_be_used
2,56,8,"[2, 3, 4, 8, 9]",can_be_used
2,64,8,"[2, 3, 4, 8, 9]",can_be_used
2,72,8,"[2, 3, 4, 8, 9]",can_be_used
2,80,8,"[2, 3, 4, 8, 9]",need_modify
2,88,8,"[2, 3, 4, 8, 9]",can_be_used
2,96,8,"[2, 3, 4, 8, 9]",need_modify
2,104,8,"[2, 3, 4, 8, 9]",can_be_used
2,112,8,"[2, 3, 4, 8, 9]",can_be_used
2,120,8,"[2, 3, 4, 8, 9]",can_be_used
2,128,8,"[2, 3, 4, 8, 9]",need_modify
2,136,8,"[2, 3, 4, 8, 9]",need_modify
2,144,8,"[2, 3, 4, 8, 9]",need_modify
2,152,4,"[2, 3, 4, 8, 9]",need_modify
2,160,8,"[2, 3, 4, 8, 9]",need_modify
2,168,9,"[2, 3, 4, 8, 9]",need_modify
2,176,9,"[2, 3, 4, 8, 9]",need_modify
2,184,9,"[2, 3, 4, 8, 9]",can_be_used
2,192,9,"[2, 3, 4, 8, 9]",need_modify
2,200,4,"[2, 3, 4, 8, 9]",need_modify
2,208,2,"[2, 3, 4, 8, 9]",need_modify
2,216,9,"[2, 3, 4, 8, 9]",need_modify
2,224,9,"[2, 3, 4, 8, 9]",can_be_used
2,232,9,"[2, 3, 4, 8, 9]",can_be_used
2,240,9,"[2, 3, 4, 8, 9]",need_modify
2,248,9,"[2, 3, 4, 8, 9]",need_modify
2,256,4,"[2, 3, 4, 8, 9]",need_modify
2,264,8,"[2, 3, 4, 8, 9]",need_modify
2,272,8,"[2, 3, 4, 8, 9]",need_modify
2,280,8,"[2, 3, 4, 8, 9]",need_modify
2,288,4,"[2, 3, 4, 8, 9]",can_be_used
2,296,2,"[2, 3, 4, 8, 9]",need_modify
2,304,2,"[2, 3, 4, 8, 9]",need_modify
2,312,8,"[2, 3, 4, 8, 9]",need_modify
2,320,2,"[2, 3, 4, 8, 9]",need_modify
2,328,3,"[2, 3, 4, 8, 9]",need_modify
2,336,9,"[2, 3, 4, 8, 9]",need_modify
2,344,2,"[2, 3, 4, 8, 9]",can_be_used
2,352,8,"[2, 3, 4, 8, 9]",need_modify
2,360,4,"[2, 3, 4, 8, 9]",need_modify
2,368,-1,"[2, 3, 4, 8, 9]"
2,376,2,"[2, 3, 4, 8, 9]",need_modify
2,384,4,"[2, 3, 4, 8, 9]",need_modify
2,392,9,"[2, 3, 4, 8, 9]",need_modify
2,400,8,"[2, 3, 4, 8, 9]",need_modify
2,408,8,"[2, 3, 4, 8, 9]",need_modify
2,416,4,"[2, 3, 4, 8, 9]",need_modify
2,424,3,"[2, 3, 4, 8, 9]",need_modify
2,432,2,"[2, 3, 4, 8, 9]",need_modify
2,440,2,"[2, 3, 4, 8, 9]",need_modify
2,448,4,"[2, 3, 4, 8, 9]",need_modify
2,456,8,"[2, 3, 4, 8, 9]",need_modify
2,464,8,"[2, 3, 4, 8, 9]",need_modify
2,472,2,"[2, 3, 4, 8, 9]",need_modify
2,480,9,"[2, 3, 4, 8, 9]",need_modify
2,488,8,"[2, 3, 4, 8, 9]",need_modify
2,496,-1,"[2, 3, 4, 8, 9]"
2,504,8,"[2, 3, 4, 8, 9]",need_modify
2,512,-1,"[2, 3, 4, 8, 9]"
2,520,8,"[2, 3, 4, 8, 9]",need_modify
2,528,9,"[2, 3, 4, 8, 9]",need_modify
2,536,8,"[2, 3, 4, 8, 9]",need_modify
2,544,3,"[2, 3, 4, 8, 9]",need_modify
2,552,3,"[2, 3, 4, 8, 9]",need_modify
2,560,3,"[2, 3, 4, 8, 9]",need_modify
2,568,3,"[2, 3, 4, 8, 9]",need_modify
2,576,8,"[2, 3, 4, 8, 9]",need_modify
2,584,9,"[2, 3, 4, 8, 9]",need_modify
2,592,9,"[2, 3, 4, 8, 9]",need_modify
2,600,9,"[2, 3, 4, 8, 9]",need_modify
2,608,3,"[2, 3, 4, 8, 9]",need_modify
2,616,8,"[2, 3, 4, 8, 9]",need_modify
2,624,4,"[2, 3, 4, 8, 9]",need_modify
2,632,4,"[2, 3, 4, 8, 9]",need_modify
2,640,3,"[2, 3, 4, 8, 9]",need_modify
2,648,8,"[2, 3, 4, 8, 9]",need_modify
2,656,2,"[2, 3, 4, 8, 9]",need_modify
2,664,8,"[2, 3, 4, 8, 9]",need_modify
2,672,9,"[2, 3, 4, 8, 9]",need_modify
2,680,8,"[2, 3, 4, 8, 9]",need_modify
2,688,8,"[2, 3, 4, 8, 9]",need_modify
2,696,8,"[2, 3, 4, 8, 9]",need_modify
2,704,4,"[2, 3, 4, 8, 9]",need_modify
2,712,2,"[2, 3, 4, 8, 9]",need_modify
2,720,2,"[2, 3, 4, 8, 9]",need_modify
2,728,2,"[2, 3, 4, 8, 9]",need_modify
2,736,-1,"[2, 3, 4, 8, 9]"
2,744,8,"[2, 3, 4, 8, 9]",need_modify
2,752,4,"[2, 3, 4, 8, 9]",need_modify
2,760,3,"[2, 3, 4, 8, 9]",need_modify
2,768,8,"[2, 3, 4, 8, 9]",need_modify
2,776,4,"[2, 3, 4, 8, 9]",need_modify
2,784,9,"[2, 3, 4, 8, 9]",need_modify
2,792,8,"[2, 3, 4, 8, 9]",need_modify
2,800,4,"[2, 3, 4, 8, 9]",need_modify
2,808,-1,"[2, 3, 4, 8, 9]"
2,816,8,"[2, 3, 4, 8, 9]",need_modify
2,824,8,"[2, 3, 4, 8, 9]",need_modify
2,832,3,"[2, 3, 4, 8, 9]",need_modify
2,840,2,"[2, 3, 4, 8, 9]",need_modify
2,848,4,"[2, 3, 4, 8, 9]",need_modify
2,856,4,"[2, 3, 4, 8, 9]",need_modify
2,864,4,"[2, 3, 4, 8, 9]",need_modify
2,872,3,"[2, 3, 4, 8, 9]",need_modify
2,880,3,"[2, 3, 4, 8, 9]",can_be_used
2,888,3,"[2, 3, 4, 8, 9]",can_be_used
2,896,9,"[2, 3, 4, 8, 9]",need_modify
2,904,2,"[2, 3, 4, 8, 9]",need_modify
2,912,3,"[2, 3, 4, 8, 9]",need_modify
2,920,8,"[2, 3, 4, 8, 9]",need_modify
2,928,8,"[2, 3, 4, 8, 9]",need_modify
2,936,3,"[2, 3, 4, 8, 9]",need_modify
2,944,3,"[2, 3, 4, 8, 9]",need_modify
2,952,8,"[2, 3, 4, 8, 9]",need_modify
2,960,8,"[2, 3, 4, 8, 9]",need_modify
2,968,4,"[2, 3, 4, 8, 9]",need_modify
2,976,8,"[2, 3, 4, 8, 9]",need_modify
2,984,8,"[2, 3, 4, 8, 9]",can_be_used
2,992,8,"[2, 3, 4, 8, 9]",can_be_used
2,1000,9,"[2, 3, 4, 8, 9]",need_modify
2,1008,3,"[2, 3, 4, 8, 9]",need_modify
2,1016,8,"[2, 3, 4, 8, 9]",need_modify
2,1024,-1,"[2, 3, 4, 8, 9]"
2,1032,-1,"[2, 3, 4, 8, 9]"
2,1040,-1,"[2, 3, 4, 8, 9]"
2,1048,-1,"[2, 3, 4, 8, 9]"
2,1056,-1,"[2, 3, 4, 8, 9]"
2,1064,-1,"[2, 3, 4, 8, 9]"
2,1072,-1,"[2, 3, 4, 8, 9]"
2,1080,3,"[2, 3, 4, 8, 9]",need_modify
2,1088,-1,"[2, 3, 4, 8, 9]"
2,1096,3,"[2, 3, 4, 8, 9]",need_modify
2,1104,4,"[2, 3, 4, 8, 9]",can_be_used
2,1112,3,"[2, 3, 4, 8, 9]",need_modify
2,1120,3,"[2, 3, 4, 8, 9]",need_modify
2,1128,4,"[2, 3, 4, 8, 9]",need_modify
2,1136,8,"[2, 3, 4, 8, 9]",can_be_used
2,1144,3,"[2, 3, 4, 8, 9]",need_modify
2,1152,8,"[2, 3, 4, 8, 9]",need_modify
2,1160,4,"[2, 3, 4, 8, 9]",need_modify
2,1168,3,"[2, 3, 4, 8, 9]",need_modify
2,1176,3,"[2, 3, 4, 8, 9]",need_modify
2,1184,9,"[2, 3, 4, 8, 9]",need_modify
2,1192,9,"[2, 3, 4, 8, 9]",need_modify
2,1200,4,"[2, 3, 4, 8, 9]",need_modify
2,1208,8,"[2, 3, 4, 8, 9]",need_modify
2,1216,4,"[2, 3, 4, 8, 9]",need_modify
2,1224,4,"[2, 3, 4, 8, 9]",need_modify
2,1232,3,"[2, 3, 4, 8, 9]",need_modify
2,1240,8,"[2, 3, 4, 8, 9]",need_modify
2,1248,8,"[2, 3, 4, 8, 9]",can_be_used
2,1256,8,"[2, 3, 4, 8, 9]",need_modify
2,1264,4,"[2, 3, 4, 8, 9]",need_modify
2,1272,9,"[2, 3, 4, 8, 9]",need_modify
2,1280,9,"[2, 3, 4, 8, 9]",need_modify
2,1288,9,"[2, 3, 4, 8, 9]",need_modify
2,1296,3,"[2, 3, 4, 8, 9]",need_modify
2,1304,8,"[2, 3, 4, 8, 9]",need_modify
2,1312,3,"[2, 3, 4, 8, 9]",need_modify
2,1320,3,"[2, 3, 4, 8, 9]",need_modify
2,1328,3,"[2, 3, 4, 8, 9]",need_modify
2,1336,3,"[2, 3, 4, 8, 9]",need_modify
2,1344,4,"[2, 3, 4, 8, 9]",need_modify
2,1352,4,"[2, 3, 4, 8, 9]",need_modify
2,1360,-1,"[2, 3, 4, 8, 9]"
2,1368,4,"[2, 3, 4, 8, 9]",need_modify
2,1376,4,"[2, 3, 4, 8, 9]",need_modify
2,1384,2,"[2, 3, 4, 8, 9]",need_modify
2,1392,3,"[2, 3, 4, 8, 9]",need_modify
2,1400,-1,"[2, 3, 4, 8, 9]"
2,1408,3,"[2, 3, 4, 8, 9]",need_modify
2,1416,3,"[2, 3, 4, 8, 9]",need_modify
2,1424,3,"[2, 3, 4, 8, 9]",need_modify
2,1432,8,"[2, 3, 4, 8, 9]",need_modify
2,1440,3,"[2, 3, 4, 8, 9]",need_modify
2,1448,3,"[2, 3, 4, 8, 9]",need_modify
2,1456,3,"[2, 3, 4, 8, 9]",can_be_used
2,1464,3,"[2, 3, 4, 8, 9]",can_be_used
2,1472,3,"[2, 3, 4, 8, 9]",need_modify
2,1480,-1,"[2, 3, 4, 8, 9]"
2,1488,2,"[2, 3, 4, 8, 9]",need_modify
2,1496,3,"[2, 3, 4, 8, 9]",need_modify
2,1504,9,"[2, 3, 4, 8, 9]",need_modify
2,1512,8,"[2, 3, 4, 8, 9]",need_modify
2,1520,8,"[2, 3, 4, 8, 9]",need_modify
2,1528,-1,"[2, 3, 4, 8, 9]"
2,1536,-1,"[2, 3, 4, 8, 9]"
2,1544,-1,"[2, 3, 4, 8, 9]"
2,1552,-1,"[2, 3, 4, 8, 9]"
2,1560,3,"[2, 3, 4, 8, 9]",need_modify
2,1568,-1,"[2, 3, 4, 8, 9]"
2,1576,-1,"[2, 3, 4, 8, 9]"
2,1584,4,"[2, 3, 4, 8, 9]",need_modify
2,1592,4,"[2, 3, 4, 8, 9]",need_modify
2,1600,8,"[2, 3, 4, 8, 9]",need_modify
2,1608,8,"[2, 3, 4, 8, 9]",need_modify
2,1616,2,"[2, 3, 4, 8, 9]",need_modify
2,1624,3,"[2, 3, 4, 8, 9]",need_modify
2,1632,4,"[2, 3, 4, 8, 9]",need_modify
2,1640,-1,"[2, 3, 4, 8, 9]"
2,1648,-1,"[2, 3, 4, 8, 9]"
2,1656,-1,"[2, 3, 4, 8, 9]"
2,1664,3,"[2, 3, 4, 8, 9]",need_modify
2,1672,-1,"[2, 3, 4, 8, 9]"
2,1680,3,"[2, 3, 4, 8, 9]",need_modify
2,1688,3,"[2, 3, 4, 8, 9]",need_modify
2,1696,3,"[2, 3, 4, 8, 9]",need_modify
2,1704,4,"[2, 3, 4, 8, 9]",need_modify
2,1712,4,"[2, 3, 4, 8, 9]",need_modify
2,1720,3,"[2, 3, 4, 8, 9]",need_modify
2,1728,3,"[2, 3, 4, 8, 9]",need_modify
2,1736,3,"[2, 3, 4, 8, 9]",need_modify
2,1744,8,"[2, 3, 4, 8, 9]",need_modify
2,1752,2,"[2, 3, 4, 8, 9]",need_modify
2,1760,8,"[2, 3, 4, 8, 9]",need_modify
2,1768,8,"[2, 3, 4, 8, 9]",need_modify
2,1776,8,"[2, 3, 4, 8, 9]",can_be_used
2,1784,8,"[2, 3, 4, 8, 9]",need_modify
2,1792,8,"[2, 3, 4, 8, 9]",need_modify
2,1800,8,"[2, 3, 4, 8, 9]",need_modify
2,1808,8,"[2, 3, 4, 8, 9]",need_modify
2,1816,8,"[2, 3, 4, 8, 9]",need_modify
2,1824,8,"[2, 3, 4, 8, 9]",need_modify
2,1832,8,"[2, 3, 4, 8, 9]",need_modify
2,1840,8,"[2, 3, 4, 8, 9]",need_modify
2,1848,8,"[2, 3, 4, 8, 9]",need_modify
2,1856,8,"[2, 3, 4, 8, 9]",need_modify
2,1864,4,"[2, 3, 4, 8, 9]",need_modify
2,1872,4,"[2, 3, 4, 8, 9]",need_modify
2,1880,8,"[2, 3, 4, 8, 9]",need_modify
2,1888,8,"[2, 3, 4, 8, 9]",need_modify
2,1896,8,"[2, 3, 4, 8, 9]",need_modify
2,1904,3,"[2, 3, 4, 8, 9]",need_modify
2,1912,4,"[2, 3, 4, 8, 9]",need_modify
2,1920,3,"[2, 3, 4, 8, 9]",can_be_used
2,1928,3,"[2, 3, 4, 8, 9]",can_be_used
2,1936,3,"[2, 3, 4, 8, 9]",can_be_used
2,1944,3,"[2, 3, 4, 8, 9]",can_be_used
2,1952,8,"[2, 3, 4, 8, 9]",need_modify
2,1960,4,"[2, 3, 4, 8, 9]",need_modify
2,1968,9,"[2, 3, 4, 8, 9]",need_modify
2,1976,4,"[2, 3, 4, 8, 9]",need_modify
2,1984,4,"[2, 3, 4, 8, 9]",need_modify
2,1992,3,"[2, 3, 4, 8, 9]",need_modify
2,2000,3,"[2, 3, 4, 8, 9]",need_modify
2,2008,4,"[2, 3, 4, 8, 9]",need_modify
2,2016,9,"[2, 3, 4, 8, 9]",need_modify
2,2024,4,"[2, 3, 4, 8, 9]",need_modify
2,2032,-1,"[2, 3, 4, 8, 9]"
2,2040,4,"[2, 3, 4, 8, 9]",need_modify
2,2048,2,"[2, 3, 4, 8, 9]",need_modify
2,2056,4,"[2, 3, 4, 8, 9]",need_modify
2,2064,8,"[2, 3, 4, 8, 9]",need_modify
2,2072,8,"[2, 3, 4, 8, 9]",need_modify
2,2080,2,"[2, 3, 4, 8, 9]",need_modify
2,2088,3,"[2, 3, 4, 8, 9]",need_modify
2,2096,2,"[2, 3, 4, 8, 9]",need_modify
2,2104,9,"[2, 3, 4, 8, 9]",need_modify
2,2112,8,"[2, 3, 4, 8, 9]",need_modify
2,2120,8,"[2, 3, 4, 8, 9]",need_modify
2,2128,8,"[2, 3, 4, 8, 9]",need_modify
2,2136,4,"[2, 3, 4, 8, 9]",need_modify
2,2144,8,"[2, 3, 4, 8, 9]",need_modify
2,2152,8,"[2, 3, 4, 8, 9]",need_modify
